BEGIN;

DROP TABLE IF EXISTS PostReaction;
DROP TABLE IF EXISTS RecipeNoteAnnotatesRecipe;
DROP TABLE IF EXISTS RecipeIngredient;
DROP TABLE IF EXISTS InventoryItem;
DROP TABLE IF EXISTS AccountOwnsInventory;
DROP TABLE IF EXISTS Post;
DROP TABLE IF EXISTS RecipeNote;
DROP TABLE IF EXISTS Receipt;
DROP TABLE IF EXISTS Recipe;
DROP TABLE IF EXISTS Ingredient;
DROP TABLE IF EXISTS PaidAccount;
DROP TABLE IF EXISTS TrialAccount;
DROP TABLE IF EXISTS EmojiMeaning;
DROP TABLE IF EXISTS Inventory;
DROP TABLE IF EXISTS Subscription;
DROP TABLE IF EXISTS Account;
DROP TYPE IF EXISTS emoji_kind;
DROP TYPE IF EXISTS post_visibility;
DROP TYPE IF EXISTS subscription_type;

CREATE TYPE subscription_type AS ENUM ('monthly', 'yearly');
CREATE TYPE post_visibility AS ENUM ('private', 'public');
CREATE TYPE emoji_kind AS ENUM ('Positive', 'Negative', 'Neutral');

CREATE TABLE Account(
  AccountID UUID PRIMARY KEY,
  Email VARCHAR UNIQUE NOT NULL,
  Username VARCHAR UNIQUE NOT NULL,
  Password VARCHAR NOT NULL
);

CREATE TABLE TrialAccount(
  AccountID UUID PRIMARY KEY,
  UsageRemaining INT NOT NULL,
  TrialStartDate TIMESTAMPTZ NOT NULL,
  TrialEndDate TIMESTAMPTZ NOT NULL,
  FOREIGN KEY (AccountID) REFERENCES Account(AccountID)
    ON DELETE CASCADE
    ON UPDATE CASCADE
);

CREATE TABLE Subscription(
  SubscriptionType subscription_type PRIMARY KEY,
  SubscriptionPriceInCents INT NOT NULL
);

CREATE TABLE PaidAccount(
  AccountID UUID PRIMARY KEY,
  SubscriptionStartDate TIMESTAMPTZ NOT NULL,
  SubscriptionEndDate TIMESTAMPTZ NOT NULL,
  SubscriptionType subscription_type NOT NULL,
  FOREIGN KEY (AccountID) REFERENCES Account(AccountID)
    ON DELETE CASCADE
    ON UPDATE CASCADE,
  FOREIGN KEY (SubscriptionType) REFERENCES Subscription(SubscriptionType)
    ON DELETE NO ACTION
    ON UPDATE CASCADE
);

CREATE TABLE Recipe(
  RecipeID UUID PRIMARY KEY,
  Name VARCHAR NOT NULL,
  Content VARCHAR NOT NULL,
  CostInCents INT NOT NULL,
  Time INT NOT NULL,
  Cuisine VARCHAR,
  CreationDate TIMESTAMPTZ NOT NULL,
  ModificationDate TIMESTAMPTZ NOT NULL,
  AccountID UUID NOT NULL,
  FOREIGN KEY (AccountID) REFERENCES Account(AccountID)
    ON DELETE CASCADE
    ON UPDATE CASCADE
);

CREATE TABLE Post(
  PostID UUID PRIMARY KEY,
  Title VARCHAR NOT NULL,
  Body VARCHAR NOT NULL,
  CreationDate TIMESTAMPTZ NOT NULL,
  Visibility post_visibility NOT NULL,
  AccountID UUID NOT NULL,
  RecipeID UUID,
  FOREIGN KEY (AccountID) REFERENCES Account(AccountID)
    ON DELETE CASCADE
    ON UPDATE CASCADE,
  FOREIGN KEY (RecipeID) REFERENCES Recipe(RecipeID)
    ON DELETE SET NULL
    ON UPDATE CASCADE
);

CREATE TABLE EmojiMeaning(
  Emoji VARCHAR PRIMARY KEY,
  Kind emoji_kind NOT NULL
);

CREATE TABLE PostReaction(
  PostID UUID,
  AccountID UUID,
  Emoji VARCHAR NOT NULL,
  PRIMARY KEY (PostID, AccountID),
  FOREIGN KEY (PostID) REFERENCES Post(PostID)
    ON DELETE CASCADE
    ON UPDATE CASCADE,
  FOREIGN KEY (AccountID) REFERENCES Account(AccountID)
    ON DELETE CASCADE
    ON UPDATE CASCADE,
  FOREIGN KEY (Emoji) REFERENCES EmojiMeaning(Emoji)
    ON DELETE NO ACTION
    ON UPDATE CASCADE
);

CREATE TABLE Ingredient(
  Name VARCHAR PRIMARY KEY,
  Carbs NUMERIC(7,2) NOT NULL,
  Protein NUMERIC(7,2) NOT NULL,
  Fat NUMERIC(7,2) NOT NULL
);

CREATE TABLE RecipeIngredient(
  RecipeID UUID,
  IngredientName VARCHAR NOT NULL,
  Quantity INT NOT NULL,
  PRIMARY KEY (RecipeID, IngredientName),
  FOREIGN KEY (RecipeID) REFERENCES Recipe(RecipeID)
    ON DELETE CASCADE
    ON UPDATE CASCADE,
  FOREIGN KEY (IngredientName) REFERENCES Ingredient(Name)
    ON DELETE NO ACTION
    ON UPDATE CASCADE
);

CREATE TABLE RecipeNote(
  RecipeNoteID UUID PRIMARY KEY,
  Photo VARCHAR,
  Note VARCHAR NOT NULL,
  CreationDate TIMESTAMPTZ NOT NULL,
  ModificationDate TIMESTAMPTZ NOT NULL,
  AccountID UUID NOT NULL,
  FOREIGN KEY (AccountID) REFERENCES Account(AccountID)
    ON DELETE CASCADE
    ON UPDATE CASCADE
);

CREATE TABLE RecipeNoteAnnotatesRecipe(
  RecipeNoteID UUID,
  RecipeID UUID,
  PRIMARY KEY (RecipeNoteID, RecipeID),
  FOREIGN KEY (RecipeNoteID) REFERENCES RecipeNote(RecipeNoteID)
    ON DELETE CASCADE
    ON UPDATE CASCADE,
  FOREIGN KEY (RecipeID) REFERENCES Recipe(RecipeID)
    ON DELETE CASCADE
    ON UPDATE CASCADE
);

CREATE TABLE Receipt(
  ReceiptID UUID PRIMARY KEY,
  OCRResult VARCHAR,
  ImageFilePath VARCHAR UNIQUE NOT NULL,
  CreationDate TIMESTAMPTZ NOT NULL,
  AccountID UUID NOT NULL,
  FOREIGN KEY (AccountID) REFERENCES Account(AccountID)
    ON DELETE CASCADE
    ON UPDATE CASCADE
);

CREATE TABLE Inventory(
  InventoryID UUID PRIMARY KEY,
  Name VARCHAR NOT NULL,
  Description VARCHAR NOT NULL,
  Type VARCHAR NOT NULL
);

CREATE TABLE InventoryItem(
  InventoryItemID INT,
  InventoryID UUID,
  Quantity INT NOT NULL,
  CreationDate TIMESTAMPTZ NOT NULL,
  ExpirationDate TIMESTAMPTZ,
  IngredientName VARCHAR NOT NULL,
  ReceiptID UUID,
  PRIMARY KEY (InventoryItemID, InventoryID),
  FOREIGN KEY (InventoryID) REFERENCES Inventory(InventoryID)
    ON DELETE CASCADE
    ON UPDATE CASCADE,
  FOREIGN KEY (IngredientName) REFERENCES Ingredient(Name)
    ON DELETE NO ACTION
    ON UPDATE CASCADE,
  FOREIGN KEY (ReceiptID) REFERENCES Receipt(ReceiptID)
    ON DELETE SET NULL
    ON UPDATE CASCADE
);

CREATE TABLE AccountOwnsInventory(
  AccountID UUID,
  InventoryID UUID,
  PRIMARY KEY (AccountID, InventoryID),
  FOREIGN KEY (AccountID) REFERENCES Account(AccountID)
    ON DELETE CASCADE
    ON UPDATE CASCADE,
  FOREIGN KEY (InventoryID) REFERENCES Inventory(InventoryID)
    ON DELETE CASCADE
    ON UPDATE CASCADE
);

-- 1. EmojiMeaning
INSERT INTO EmojiMeaning (Emoji, Kind) VALUES
('👍', 'Positive'),
('🔥', 'Positive'),
('😡', 'Negative'),
('👎', 'Negative'),
('😐', 'Neutral');

-- 2. Subscription
INSERT INTO Subscription (SubscriptionType, SubscriptionPriceInCents) VALUES
('monthly', 999),
('yearly', 9999);

-- 3. Ingredient
INSERT INTO Ingredient (Name, Carbs, Protein, Fat) VALUES
('Chicken Breast', 0.00, 31.00, 3.60),
('White Rice', 28.00, 2.70, 0.30),
('Broccoli', 6.60, 2.80, 0.40),
('Olive Oil', 0.00, 0.00, 14.00),
('Egg', 1.10, 6.30, 5.30);

-- 4. Inventory
INSERT INTO Inventory (InventoryID, Name, Description, Type) VALUES
('d1111111-1111-1111-1111-111111111111', 'Main Fridge', 'Kitchen refrigerator', 'Fridge'),
('d2222222-2222-2222-2222-222222222222', 'Pantry', 'Dry goods storage', 'Pantry'),
('d3333333-3333-3333-3333-333333333333', 'Basement Freezer', 'Deep freeze meats', 'Freezer'),
('d4444444-4444-4444-4444-444444444444', 'Spice Rack', 'Spices and herbs', 'Rack'),
('d5555555-5555-5555-5555-555555555555', 'Office Mini Fridge', 'Snacks for work', 'Fridge');

-- 5. Account
INSERT INTO Account (AccountID, Email, Username, Password) VALUES
('11111111-1111-1111-1111-111111111111', 'user1@email.com', 'Joseph', 'hashedpass1'),
('22222222-2222-2222-2222-222222222222', 'user2@email.com', 'Ali', 'hashedpass2'),
('33333333-3333-3333-3333-333333333333', 'user3@email.com', 'Runjuu', 'hashedpass3'),
('44444444-4444-4444-4444-444444444444', 'user4@email.com', 'Ivan', 'hashedpass4'),
('55555555-5555-5555-5555-555555555555', 'user5@email.com', 'Bob', 'hashedpass5'),
('66666666-6666-6666-6666-666666666666', 'user6@email.com', 'Rob', 'hashedpass6'),
('77777777-7777-7777-7777-777777777777', 'user7@email.com', 'Jane', 'hashedpass7'),
('88888888-8888-8888-8888-888888888888', 'user8@email.com', 'John', 'hashedpass8'),
('99999999-9999-9999-9999-999999999999', 'user9@email.com', 'Cinda', 'hashedpass9'),
('aaaaaaaa-aaaa-aaaa-aaaa-aaaaaaaaaaaa', 'user10@email.com', 'Gregor', 'hashedpass10');

-- 6. TrialAccount
INSERT INTO TrialAccount (AccountID, UsageRemaining, TrialStartDate, TrialEndDate) VALUES
('11111111-1111-1111-1111-111111111111', 10, '2026-03-01 10:00:00Z', '2026-03-15 10:00:00Z'),
('22222222-2222-2222-2222-222222222222', 5, '2026-03-02 11:30:00Z', '2026-03-16 11:30:00Z'),
('33333333-3333-3333-3333-333333333333', 0, '2026-02-01 09:00:00Z', '2026-02-15 09:00:00Z'),
('44444444-4444-4444-4444-444444444444', 15, '2026-03-05 08:00:00Z', '2026-03-19 08:00:00Z'),
('55555555-5555-5555-5555-555555555555', 2, '2026-03-04 14:00:00Z', '2026-03-18 14:00:00Z');

-- 7. PaidAccount
INSERT INTO PaidAccount (AccountID, SubscriptionStartDate, SubscriptionEndDate, SubscriptionType) VALUES
('66666666-6666-6666-6666-666666666666', '2026-01-01 10:00:00Z', '2026-02-01 10:00:00Z', 'monthly'),
('77777777-7777-7777-7777-777777777777', '2026-01-15 10:00:00Z', '2027-01-15 10:00:00Z', 'yearly'),
('88888888-8888-8888-8888-888888888888', '2026-02-01 10:00:00Z', '2026-03-01 10:00:00Z', 'monthly'),
('99999999-9999-9999-9999-999999999999', '2025-11-01 10:00:00Z', '2026-11-01 10:00:00Z', 'yearly'),
('aaaaaaaa-aaaa-aaaa-aaaa-aaaaaaaaaaaa', '2026-03-01 10:00:00Z', '2026-04-01 10:00:00Z', 'monthly');

-- 8. Recipe
INSERT INTO Recipe (RecipeID, Name, Content, CostInCents, Time, Cuisine, CreationDate, ModificationDate, AccountID) VALUES
('b1111111-1111-1111-1111-111111111111', 'Chicken & Rice', 'Grill chicken, boil rice.', 450, 1800, 'American', '2026-03-01 10:00:00Z', '2026-03-01 10:00:00Z', '11111111-1111-1111-1111-111111111111'),
('b1111111-1111-1111-1111-111111111112', 'Chicken Broccoli Bowl', 'Roast chicken, steam broccoli, and finish with olive oil.', 525, 1500, 'American', '2026-03-31 10:00:00Z', '2026-03-31 10:00:00Z', '11111111-1111-1111-1111-111111111111'),
('b1111111-1111-1111-1111-111111111113', 'Chicken Broccoli Skillet', 'Saute chicken and broccoli, then finish with scrambled egg.', 575, 1320, 'American', '2026-03-31 10:00:00Z', '2026-03-31 10:00:00Z', '11111111-1111-1111-1111-111111111111'),
('b2222222-2222-2222-2222-222222222222', 'Fried Eggs', 'Fry eggs in pan.', 150, 300, 'American', '2026-03-02 10:00:00Z', '2026-03-02 10:00:00Z', '22222222-2222-2222-2222-222222222222'),
('b3333333-3333-3333-3333-333333333333', 'Steamed Broccoli', 'Steam until tender.', 200, 600, 'American', '2026-03-03 10:00:00Z', '2026-03-03 10:00:00Z', '66666666-6666-6666-6666-666666666666'),
('b4444444-4444-4444-4444-444444444444', 'Chicken Stir Fry', 'Fry chicken and broccoli.', 600, 1200, 'Asian', '2026-03-04 10:00:00Z', '2026-03-04 10:00:00Z', '77777777-7777-7777-7777-777777777777'),
('b5555555-5555-5555-5555-555555555555', 'Egg Fried Rice', 'Mix egg, rice, and oil.', 300, 900, 'Asian', '2026-03-05 10:00:00Z', '2026-03-05 10:00:00Z', '88888888-8888-8888-8888-888888888888');

-- 9. Receipt
INSERT INTO Receipt (ReceiptID, OCRResult, ImageFilePath, CreationDate, AccountID) VALUES
('c1111111-1111-1111-1111-111111111111', 'Chicken, Rice', '/images/receipts/1.jpg', '2026-03-01 09:00:00Z', '11111111-1111-1111-1111-111111111111'),
('c2222222-2222-2222-2222-222222222222', 'Eggs, Broccoli', '/images/receipts/2.jpg', '2026-03-02 09:00:00Z', '22222222-2222-2222-2222-222222222222'),
('c3333333-3333-3333-3333-333333333333', 'Olive Oil', '/images/receipts/3.jpg', '2026-03-03 09:00:00Z', '66666666-6666-6666-6666-666666666666'),
('c4444444-4444-4444-4444-444444444444', 'Chicken, Eggs', '/images/receipts/4.jpg', '2026-03-04 09:00:00Z', '77777777-7777-7777-7777-777777777777'),
('c5555555-5555-5555-5555-555555555555', 'Rice, Broccoli', '/images/receipts/5.jpg', '2026-03-05 09:00:00Z', '88888888-8888-8888-8888-888888888888');

-- 10. RecipeNote
INSERT INTO RecipeNote (RecipeNoteID, Photo, Note, CreationDate, ModificationDate, AccountID) VALUES
('f1111111-1111-1111-1111-111111111111', NULL, 'Added extra salt.', '2026-03-01 11:00:00Z', '2026-03-01 11:00:00Z', '11111111-1111-1111-1111-111111111111'),
('f2222222-2222-2222-2222-222222222222', NULL, 'Burned the eggs a bit.', '2026-03-02 11:00:00Z', '2026-03-02 11:00:00Z', '22222222-2222-2222-2222-222222222222'),
('f3333333-3333-3333-3333-333333333333', NULL, 'Perfect texture.', '2026-03-03 11:00:00Z', '2026-03-03 11:00:00Z', '66666666-6666-6666-6666-666666666666'),
('f4444444-4444-4444-4444-444444444444', NULL, 'Used less oil next time.', '2026-03-04 11:00:00Z', '2026-03-04 11:00:00Z', '77777777-7777-7777-7777-777777777777'),
('f5555555-5555-5555-5555-555555555555', NULL, 'Family loved it!', '2026-03-05 11:00:00Z', '2026-03-05 11:00:00Z', '88888888-8888-8888-8888-888888888888');

-- 11. AccountOwnsInventory
INSERT INTO AccountOwnsInventory (AccountID, InventoryID) VALUES
('11111111-1111-1111-1111-111111111111', 'd1111111-1111-1111-1111-111111111111'),
('22222222-2222-2222-2222-222222222222', 'd1111111-1111-1111-1111-111111111111'),
('33333333-3333-3333-3333-333333333333', 'd1111111-1111-1111-1111-111111111111'),
('11111111-1111-1111-1111-111111111111', 'd2222222-2222-2222-2222-222222222222'),
('22222222-2222-2222-2222-222222222222', 'd2222222-2222-2222-2222-222222222222'),
('66666666-6666-6666-6666-666666666666', 'd3333333-3333-3333-3333-333333333333'),
('77777777-7777-7777-7777-777777777777', 'd3333333-3333-3333-3333-333333333333'),
('77777777-7777-7777-7777-777777777777', 'd4444444-4444-4444-4444-444444444444'),
('88888888-8888-8888-8888-888888888888', 'd4444444-4444-4444-4444-444444444444'),
('88888888-8888-8888-8888-888888888888', 'd5555555-5555-5555-5555-555555555555'),
('99999999-9999-9999-9999-999999999999', 'd5555555-5555-5555-5555-555555555555');

-- 12. Post
INSERT INTO Post (PostID, Title, Body, CreationDate, Visibility, AccountID, RecipeID) VALUES
('e1111111-1111-1111-1111-111111111111', 'My First Meal', 'Turned out great!', '2026-03-01 12:00:00Z', 'public', '11111111-1111-1111-1111-111111111111', 'b1111111-1111-1111-1111-111111111111'),
('e2222222-2222-2222-2222-222222222222', 'Breakfast Success', 'Love these eggs.', '2026-03-02 12:00:00Z', 'public', '22222222-2222-2222-2222-222222222222', 'b2222222-2222-2222-2222-222222222222'),
('e3333333-3333-3333-3333-333333333333', 'Healthy Eating', 'Broccoli is the best.', '2026-03-03 12:00:00Z', 'private', '66666666-6666-6666-6666-666666666666', 'b3333333-3333-3333-3333-333333333333'),
('e4444444-4444-4444-4444-444444444444', 'Dinner Party', 'Made stir fry for friends.', '2026-03-04 12:00:00Z', 'public', '77777777-7777-7777-7777-777777777777', 'b4444444-4444-4444-4444-444444444444'),
('e5555555-5555-5555-5555-555555555555', 'Quick Lunch', 'Fried rice in 15 mins.', '2026-03-05 12:00:00Z', 'public', '88888888-8888-8888-8888-888888888888', 'b5555555-5555-5555-5555-555555555555');

-- 13. RecipeIngredient
INSERT INTO RecipeIngredient (RecipeID, IngredientName, Quantity) VALUES
('b1111111-1111-1111-1111-111111111111', 'Chicken Breast', 2),
('b1111111-1111-1111-1111-111111111111', 'White Rice', 1),
('b1111111-1111-1111-1111-111111111111', 'Broccoli', 1),
('b1111111-1111-1111-1111-111111111112', 'Chicken Breast', 2),
('b1111111-1111-1111-1111-111111111112', 'Broccoli', 2),
('b1111111-1111-1111-1111-111111111112', 'Olive Oil', 1),
('b1111111-1111-1111-1111-111111111113', 'Chicken Breast', 1),
('b1111111-1111-1111-1111-111111111113', 'Broccoli', 2),
('b1111111-1111-1111-1111-111111111113', 'Egg', 2),
('b2222222-2222-2222-2222-222222222222', 'Egg', 2),
('b2222222-2222-2222-2222-222222222222', 'Olive Oil', 1),
('b3333333-3333-3333-3333-333333333333', 'Broccoli', 1),
('b3333333-3333-3333-3333-333333333333', 'Olive Oil', 1),
('b4444444-4444-4444-4444-444444444444', 'Chicken Breast', 1),
('b4444444-4444-4444-4444-444444444444', 'Broccoli', 2),
('b4444444-4444-4444-4444-444444444444', 'Olive Oil', 1),
('b4444444-4444-4444-4444-444444444444', 'White Rice', 1),
('b5555555-5555-5555-5555-555555555555', 'Egg', 2),
('b5555555-5555-5555-5555-555555555555', 'White Rice', 1),
('b5555555-5555-5555-5555-555555555555', 'Olive Oil', 1);

-- 14. RecipeNoteAnnotatesRecipe
INSERT INTO RecipeNoteAnnotatesRecipe (RecipeNoteID, RecipeID) VALUES
('f1111111-1111-1111-1111-111111111111', 'b1111111-1111-1111-1111-111111111111'),
('f2222222-2222-2222-2222-222222222222', 'b2222222-2222-2222-2222-222222222222'),
('f3333333-3333-3333-3333-333333333333', 'b3333333-3333-3333-3333-333333333333'),
('f4444444-4444-4444-4444-444444444444', 'b4444444-4444-4444-4444-444444444444'),
('f5555555-5555-5555-5555-555555555555', 'b5555555-5555-5555-5555-555555555555');

-- 15. InventoryItem
INSERT INTO InventoryItem (InventoryItemID, InventoryID, Quantity, CreationDate, ExpirationDate, IngredientName, ReceiptID) VALUES
(1, 'd1111111-1111-1111-1111-111111111111', 5, '2026-03-01 09:30:00Z', '2026-03-10 09:30:00Z', 'Chicken Breast', 'c1111111-1111-1111-1111-111111111111'),
(2, 'd1111111-1111-1111-1111-111111111111', 2, '2026-03-01 09:35:00Z', '2026-03-20 09:35:00Z', 'Broccoli', 'c1111111-1111-1111-1111-111111111111'),
(3, 'd1111111-1111-1111-1111-111111111111', 1, '2026-03-01 09:40:00Z', '2026-04-15 09:40:00Z', 'White Rice', 'c1111111-1111-1111-1111-111111111111'),
(1, 'd2222222-2222-2222-2222-222222222222', 12, '2026-03-02 09:30:00Z', '2026-04-02 09:30:00Z', 'Egg', 'c2222222-2222-2222-2222-222222222222'),
(2, 'd2222222-2222-2222-2222-222222222222', 1, '2026-03-02 09:35:00Z', NULL, 'Olive Oil', 'c2222222-2222-2222-2222-222222222222'),
(3, 'd2222222-2222-2222-2222-222222222222', 2, '2026-03-02 09:40:00Z', '2026-03-16 09:40:00Z', 'Broccoli', NULL),
(1, 'd3333333-3333-3333-3333-333333333333', 1, '2026-03-03 09:30:00Z', NULL, 'Olive Oil', 'c3333333-3333-3333-3333-333333333333'),
(2, 'd3333333-3333-3333-3333-333333333333', 4, '2026-03-03 09:35:00Z', '2026-03-18 09:35:00Z', 'Chicken Breast', NULL),
(1, 'd4444444-4444-4444-4444-444444444444', 3, '2026-03-04 09:30:00Z', '2026-03-11 09:30:00Z', 'Broccoli', 'c4444444-4444-4444-4444-444444444444'),
(2, 'd4444444-4444-4444-4444-444444444444', 6, '2026-03-04 09:35:00Z', '2026-06-01 09:35:00Z', 'Egg', NULL),
(1, 'd5555555-5555-5555-5555-555555555555', 2, '2026-03-05 09:30:00Z', '2027-03-05 09:30:00Z', 'White Rice', 'c5555555-5555-5555-5555-555555555555'),
(2, 'd5555555-5555-5555-5555-555555555555', 3, '2026-03-05 09:35:00Z', '2026-03-22 09:35:00Z', 'Egg', NULL),
(3, 'd5555555-5555-5555-5555-555555555555', 1, '2026-03-05 09:40:00Z', NULL, 'Olive Oil', NULL);

-- 16. PostReaction
INSERT INTO PostReaction (PostID, AccountID, Emoji) VALUES
('e1111111-1111-1111-1111-111111111111', '22222222-2222-2222-2222-222222222222', '👍'),
('e2222222-2222-2222-2222-222222222222', '66666666-6666-6666-6666-666666666666', '🔥'),
('e3333333-3333-3333-3333-333333333333', '77777777-7777-7777-7777-777777777777', '👍'),
('e4444444-4444-4444-4444-444444444444', '88888888-8888-8888-8888-888888888888', '😐'),
('e5555555-5555-5555-5555-555555555555', '11111111-1111-1111-1111-111111111111', '🔥');

COMMIT;
