-- 1. EmojiMeaning
INSERT INTO EmojiMeaning (Emoji, Kind) VALUES
('👍', 'Positive'),
('🔥', 'Positive'),
('😡', 'Negative'),
('👎', 'Negative'),
('😐', 'Neutral');

-- 2. Subscription (enum so only 2 possible rows. $9.99/month or $99.99/year) 
INSERT INTO Subscription (SubscriptionType, SubscriptionPriceInCents) VALUES
('monthly', 999),
('yearly', 9999);

-- 3. Ingredient
INSERT INTO Ingredient (Name, Carbs, Protein, Fat) VALUES
('Chicken Breast', 0.00, 31.00, 3.60),
('White Rice', 28.00, 2.70, 0.30),
('Broccoli', 6.60, 2.80, 0.40),
('Olive Oil', 0.00, 0.00, 14.00),
('Egg', 1.10, 6.30, 5.30);

-- 4. Inventory
INSERT INTO Inventory (InventoryID, Name, Description, Type) VALUES
('d1111111-1111-1111-1111-111111111111', 'Main Fridge', 'Kitchen refrigerator', 'Fridge'),
('d2222222-2222-2222-2222-222222222222', 'Pantry', 'Dry goods storage', 'Pantry'),
('d3333333-3333-3333-3333-333333333333', 'Basement Freezer', 'Deep freeze meats', 'Freezer'),
('d4444444-4444-4444-4444-444444444444', 'Spice Rack', 'Spices and herbs', 'Rack'),
('d5555555-5555-5555-5555-555555555555', 'Office Mini Fridge', 'Snacks for work', 'Fridge');

-- 5. Account (10 rows to support 5 trial and 5 paid)
INSERT INTO Account (AccountID, Email, Username, Password) VALUES
('11111111-1111-1111-1111-111111111111', 'user1@email.com', 'Joseph', 'hashedpass1'),
('22222222-2222-2222-2222-222222222222', 'user2@email.com', 'Ali', 'hashedpass2'),
('33333333-3333-3333-3333-333333333333', 'user3@email.com', 'Runjuu', 'hashedpass3'),
('44444444-4444-4444-4444-444444444444', 'user4@email.com', 'Ivan', 'hashedpass4'),
('55555555-5555-5555-5555-555555555555', 'user5@email.com', 'Bob', 'hashedpass5'),
('66666666-6666-6666-6666-666666666666', 'user6@email.com', 'Rob', 'hashedpass6'),
('77777777-7777-7777-7777-777777777777', 'user7@email.com', 'Jane', 'hashedpass7'),
('88888888-8888-8888-8888-888888888888', 'user8@email.com', 'John', 'hashedpass8'),
('99999999-9999-9999-9999-999999999999', 'user9@email.com', 'Cinda', 'hashedpass9'),
('aaaaaaaa-aaaa-aaaa-aaaa-aaaaaaaaaaaa', 'user10@email.com', 'Gregor', 'hashedpass10');

-- 6. TrialAccount (used Z for UTC)
INSERT INTO TrialAccount (AccountID, UsageRemaining, TrialStartDate, TrialEndDate) VALUES
('11111111-1111-1111-1111-111111111111', 10, '2026-03-01 10:00:00Z', '2026-03-15 10:00:00Z'),
('22222222-2222-2222-2222-222222222222', 5, '2026-03-02 11:30:00Z', '2026-03-16 11:30:00Z'),
('33333333-3333-3333-3333-333333333333', 0, '2026-02-01 09:00:00Z', '2026-02-15 09:00:00Z'),
('44444444-4444-4444-4444-444444444444', 15, '2026-03-05 08:00:00Z', '2026-03-19 08:00:00Z'),
('55555555-5555-5555-5555-555555555555', 2, '2026-03-04 14:00:00Z', '2026-03-18 14:00:00Z');

-- 7. PaidAccount (used Z for UTC)
INSERT INTO PaidAccount (AccountID, SubscriptionStartDate, SubscriptionEndDate, SubscriptionType) VALUES
('66666666-6666-6666-6666-666666666666', '2026-01-01 10:00:00Z', '2026-02-01 10:00:00Z', 'monthly'),
('77777777-7777-7777-7777-777777777777', '2026-01-15 10:00:00Z', '2027-01-15 10:00:00Z', 'yearly'),
('88888888-8888-8888-8888-888888888888', '2026-02-01 10:00:00Z', '2026-03-01 10:00:00Z', 'monthly'),
('99999999-9999-9999-9999-999999999999', '2025-11-01 10:00:00Z', '2026-11-01 10:00:00Z', 'yearly'),
('aaaaaaaa-aaaa-aaaa-aaaa-aaaaaaaaaaaa', '2026-03-01 10:00:00Z', '2026-04-01 10:00:00Z', 'monthly');

-- 8. Recipe
INSERT INTO Recipe (RecipeID, Name, Content, CostInCents, Time, Cuisine, CreationDate, ModificationDate, AccountID) VALUES
('b1111111-1111-1111-1111-111111111111', 'Chicken & Rice', 'Grill chicken, boil rice.', 450, 1800, 'American', '2026-03-01 10:00:00Z', '2026-03-01 10:00:00Z', '11111111-1111-1111-1111-111111111111'),
('b2222222-2222-2222-2222-222222222222', 'Fried Eggs', 'Fry eggs in pan.', 150, 300, 'American', '2026-03-02 10:00:00Z', '2026-03-02 10:00:00Z', '22222222-2222-2222-2222-222222222222'),
('b3333333-3333-3333-3333-333333333333', 'Steamed Broccoli', 'Steam until tender.', 200, 600, 'American', '2026-03-03 10:00:00Z', '2026-03-03 10:00:00Z', '66666666-6666-6666-6666-666666666666'),
('b4444444-4444-4444-4444-444444444444', 'Chicken Stir Fry', 'Fry chicken and broccoli.', 600, 1200, 'Asian', '2026-03-04 10:00:00Z', '2026-03-04 10:00:00Z', '77777777-7777-7777-7777-777777777777'),
('b5555555-5555-5555-5555-555555555555', 'Egg Fried Rice', 'Mix egg, rice, and oil.', 300, 900, 'Asian', '2026-03-05 10:00:00Z', '2026-03-05 10:00:00Z', '88888888-8888-8888-8888-888888888888');

-- 9. Receipt (PLACEHOLDER ImageFilePath and OCRResult)
INSERT INTO Receipt (ReceiptID, OCRResult, ImageFilePath, CreationDate, AccountID) VALUES
('c1111111-1111-1111-1111-111111111111', 'Chicken, Rice', '/images/receipts/1.jpg', '2026-03-01 09:00:00Z', '11111111-1111-1111-1111-111111111111'),
('c2222222-2222-2222-2222-222222222222', 'Eggs, Broccoli', '/images/receipts/2.jpg', '2026-03-02 09:00:00Z', '22222222-2222-2222-2222-222222222222'),
('c3333333-3333-3333-3333-333333333333', 'Olive Oil', '/images/receipts/3.jpg', '2026-03-03 09:00:00Z', '66666666-6666-6666-6666-666666666666'),
('c4444444-4444-4444-4444-444444444444', 'Chicken, Eggs', '/images/receipts/4.jpg', '2026-03-04 09:00:00Z', '77777777-7777-7777-7777-777777777777'),
('c5555555-5555-5555-5555-555555555555', 'Rice, Broccoli', '/images/receipts/5.jpg', '2026-03-05 09:00:00Z', '88888888-8888-8888-8888-888888888888');

-- 10. RecipeNote (PLACEHOLDER Photo)
INSERT INTO RecipeNote (RecipeNoteID, Photo, Note, CreationDate, ModificationDate, AccountID) VALUES
('f1111111-1111-1111-1111-111111111111', '/images/notes/1.jpg', 'Added extra salt.', '2026-03-01 11:00:00Z', '2026-03-01 11:00:00Z', '11111111-1111-1111-1111-111111111111'),
('f2222222-2222-2222-2222-222222222222', NULL, 'Burned the eggs a bit.', '2026-03-02 11:00:00Z', '2026-03-02 11:00:00Z', '22222222-2222-2222-2222-222222222222'),
('f3333333-3333-3333-3333-333333333333', '/images/notes/2.jpg', 'Perfect texture.', '2026-03-03 11:00:00Z', '2026-03-03 11:00:00Z', '66666666-6666-6666-6666-666666666666'),
('f4444444-4444-4444-4444-444444444444', NULL, 'Used less oil next time.', '2026-03-04 11:00:00Z', '2026-03-04 11:00:00Z', '77777777-7777-7777-7777-777777777777'),
('f5555555-5555-5555-5555-555555555555', '/images/notes/3.jpg', 'Family loved it!', '2026-03-05 11:00:00Z', '2026-03-05 11:00:00Z', '88888888-8888-8888-8888-888888888888');

-- 11. AccountOwnsInventory
INSERT INTO AccountOwnsInventory (AccountID, InventoryID) VALUES
('11111111-1111-1111-1111-111111111111', 'd1111111-1111-1111-1111-111111111111'),
('22222222-2222-2222-2222-222222222222', 'd2222222-2222-2222-2222-222222222222'),
('66666666-6666-6666-6666-666666666666', 'd3333333-3333-3333-3333-333333333333'),
('77777777-7777-7777-7777-777777777777', 'd4444444-4444-4444-4444-444444444444'),
('88888888-8888-8888-8888-888888888888', 'd5555555-5555-5555-5555-555555555555');

-- 12. Post
INSERT INTO Post (PostID, Title, Body, CreationDate, Visibility, AccountID, RecipeID) VALUES
('e1111111-1111-1111-1111-111111111111', 'My First Meal', 'Turned out great!', '2026-03-01 12:00:00Z', 'public', '11111111-1111-1111-1111-111111111111', 'b1111111-1111-1111-1111-111111111111'),
('e2222222-2222-2222-2222-222222222222', 'Breakfast Success', 'Love these eggs.', '2026-03-02 12:00:00Z', 'public', '22222222-2222-2222-2222-222222222222', 'b2222222-2222-2222-2222-222222222222'),
('e3333333-3333-3333-3333-333333333333', 'Healthy Eating', 'Broccoli is the best.', '2026-03-03 12:00:00Z', 'private', '66666666-6666-6666-6666-666666666666', 'b3333333-3333-3333-3333-333333333333'),
('e4444444-4444-4444-4444-444444444444', 'Dinner Party', 'Made stir fry for friends.', '2026-03-04 12:00:00Z', 'public', '77777777-7777-7777-7777-777777777777', 'b4444444-4444-4444-4444-444444444444'),
('e5555555-5555-5555-5555-555555555555', 'Quick Lunch', 'Fried rice in 15 mins.', '2026-03-05 12:00:00Z', 'public', '88888888-8888-8888-8888-888888888888', 'b5555555-5555-5555-5555-555555555555');

-- 13. RecipeIngredient
INSERT INTO RecipeIngredient (RecipeID, IngredientName, Quantity) VALUES
('b1111111-1111-1111-1111-111111111111', 'Chicken Breast', 2),
('b1111111-1111-1111-1111-111111111111', 'White Rice', 1),
('b2222222-2222-2222-2222-222222222222', 'Egg', 2),
('b3333333-3333-3333-3333-333333333333', 'Broccoli', 1),
('b5555555-5555-5555-5555-555555555555', 'Olive Oil', 1);

-- 14. RecipeNoteAnnotatesRecipe
INSERT INTO RecipeNoteAnnotatesRecipe (RecipeNoteID, RecipeID) VALUES
('f1111111-1111-1111-1111-111111111111', 'b1111111-1111-1111-1111-111111111111'),
('f2222222-2222-2222-2222-222222222222', 'b2222222-2222-2222-2222-222222222222'),
('f3333333-3333-3333-3333-333333333333', 'b3333333-3333-3333-3333-333333333333'),
('f4444444-4444-4444-4444-444444444444', 'b4444444-4444-4444-4444-444444444444'),
('f5555555-5555-5555-5555-555555555555', 'b5555555-5555-5555-5555-555555555555');

-- 15. InventoryItem (note: PK is InventoryItemID AND InventoryID)
INSERT INTO InventoryItem (InventoryItemID, InventoryID, Quantity, CreationDate, ExpirationDate, IngredientName, ReceiptID) VALUES
(1, 'd1111111-1111-1111-1111-111111111111', 5, '2026-03-01 09:30:00Z', '2026-03-10 09:30:00Z', 'Chicken Breast', 'c1111111-1111-1111-1111-111111111111'),
(1, 'd2222222-2222-2222-2222-222222222222', 12, '2026-03-02 09:30:00Z', '2026-04-02 09:30:00Z', 'Egg', 'c2222222-2222-2222-2222-222222222222'),
(1, 'd3333333-3333-3333-3333-333333333333', 1, '2026-03-03 09:30:00Z', NULL, 'Olive Oil', 'c3333333-3333-3333-3333-333333333333'),
(1, 'd4444444-4444-4444-4444-444444444444', 3, '2026-03-04 09:30:00Z', '2026-03-11 09:30:00Z', 'Broccoli', 'c4444444-4444-4444-4444-444444444444'),
(1, 'd5555555-5555-5555-5555-555555555555', 2, '2026-03-05 09:30:00Z', '2027-03-05 09:30:00Z', 'White Rice', 'c5555555-5555-5555-5555-555555555555');

-- 16. PostReaction
INSERT INTO PostReaction (PostID, AccountID, Emoji) VALUES
('e1111111-1111-1111-1111-111111111111', '22222222-2222-2222-2222-222222222222', '👍'),
('e2222222-2222-2222-2222-222222222222', '66666666-6666-6666-6666-666666666666', '🔥'),
('e3333333-3333-3333-3333-333333333333', '77777777-7777-7777-7777-777777777777', '👍'),
('e4444444-4444-4444-4444-444444444444', '88888888-8888-8888-8888-888888888888', '😐'),
('e5555555-5555-5555-5555-555555555555', '11111111-1111-1111-1111-111111111111', '🔥');